loss,C_acc,val_loss,val_C_acc
0.017285848036408424,0.9963435530662537,0.0036478808615356684,0.9991623163223267
0.0022025760263204575,0.9996890425682068,0.0015497811837121844,0.9996272325515747
